01	MRI 1.mp4	1273.120408	597840150	work/videos/فیزیک پزشکی/MRI/MRI 1.mp4
02	MRI 2.mp4	1357.567415	577520006	work/videos/فیزیک پزشکی/MRI/MRI 2.mp4
03	MRI 3.mp4	912.222630	329963713	work/videos/فیزیک پزشکی/MRI/MRI 3.mp4
04	رادیوبیولوژی 1-  فیزیک پزشکی.mp4	958.069796	131926466	work/videos/فیزیک پزشکی/رادیوبیولوژِی/رادیوبیولوژی 1-  فیزیک پزشکی.mp4
05	رادیوبیولوژی 3-ویدئو-فیزیک پزشکی.mp4	1772.113424	215319501	work/videos/فیزیک پزشکی/رادیوبیولوژِی/رادیوبیولوژی 3-ویدئو-فیزیک پزشکی.mp4
06	فیزیک پزشکی- رادیوبیولوژی2.mp4	1466.359206	216495537	work/videos/فیزیک پزشکی/رادیوبیولوژِی/فیزیک پزشکی- رادیوبیولوژی2.mp4
07	10.mp4	1321.432000	48795692	work/videos/فیزیک پزشکی/فیزیک پزشکی تشعشع/10.mp4
08	7.mp4	1235.098700	43909638	work/videos/فیزیک پزشکی/فیزیک پزشکی تشعشع/7.mp4
09	8.mp4	1327.965300	41409943	work/videos/فیزیک پزشکی/فیزیک پزشکی تشعشع/8.mp4
10	9.mp4	961.799000	30835673	work/videos/فیزیک پزشکی/فیزیک پزشکی تشعشع/9.mp4
11	جلسه اول حق پرست .mp4	900.199000	38743689	work/videos/فیزیک پزشکی/فیزیک پزشکی تشعشع/جلسه اول حق پرست .mp4
12	جلسه دوم حق پرست.mp4	1140.898800	34488065	work/videos/فیزیک پزشکی/فیزیک پزشکی تشعشع/جلسه دوم حق پرست.mp4
13	جلسه سوم حق پرست.mp4	1261.898700	44433652	work/videos/فیزیک پزشکی/فیزیک پزشکی تشعشع/جلسه سوم حق پرست.mp4
14	جلسه ششم حق پرست.mp4	1237.632000	60669567	work/videos/فیزیک پزشکی/فیزیک پزشکی تشعشع/جلسه ششم حق پرست.mp4
15	جلسه پنجم حق پرست.mp4	1837.731400	67746662	work/videos/فیزیک پزشکی/فیزیک پزشکی تشعشع/جلسه پنجم حق پرست.mp4
16	جلسه چهارم حق پرست.mp4	1293.498700	45599193	work/videos/فیزیک پزشکی/فیزیک پزشکی تشعشع/جلسه چهارم حق پرست.mp4
17	جلسه دوم افضلی پور.mp4	1981.590930	98945329	work/videos/فیزیک پزشکی/فیزیک پزشکی/جلسه دوم افضلی پور.mp4
18	جلسه سوم افضلی پور.mp4	1286.269388	69131863	work/videos/فیزیک پزشکی/فیزیک پزشکی/جلسه سوم افضلی پور.mp4
19	جلسه چهارم افضلی پور.mp4	2032.558730	84628922	work/videos/فیزیک پزشکی/فیزیک پزشکی/جلسه چهارم افضلی پور.mp4
