slug	page	cov	chapter	score	file	snippet
haghparast_mphpd	1	0.622	0	0	images/slide/haghparast_mphpd/p001_0.png	بیقر
haghparast_mphpd	3	0.151	0	0	images/slide/haghparast_mphpd/p003_0.png	Radiation 1 ۵۵ 4
haghparast_mphpd	5	0.536	2	1	images/slide/haghparast_mphpd/p005_0.png	Electromagnetic Spectrum ۳
haghparast_mphpd	6	0.942	2	1	images/slide/haghparast_mphpd/p006_0.png	WY 0۱ - WY 0۱ - wy | = W000! - WwW 00۱ LU (| - 1 | = W900] - LUD 0۱ - 113 | = WU ۱ | Wu, - ۲ 0۲ | unl 0۱ Lwin 
haghparast_mphpd	9	0.902	2	3	images/slide/haghparast_mphpd/p009_0.png	X-ray Production Bremsstrahlung Characteristic
haghparast_mphpd	13	0.757	2	3	images/slide/haghparast_mphpd/p013_0.png	3. This electron may produce additional x-ray photons through additional collisional or radiative interactions
haghparast_mphpd	14	0.804	2	4	images/slide/haghparast_mphpd/p014_0.png	4. These electrons may produce additional x-ray photons through additional collisional or radiative interactio
haghparast_mphpd	19	0.171	2	1	images/slide/haghparast_mphpd/p019_0.png	Types of Ionizing Radiation few centimeters few meters few meters many meters many meters many meters Charge T
haghparast_mphpd	42	0.151	9	2	images/slide/haghparast_mphpd/p042_0.png	Decay rate of radioactivity: After ten half lives, the level of radiation is reduced te one ۲۲۵/5۵ ۲ ae 2 see 
haghparast_mphpd	44	0.108	4	3	images/slide/haghparast_mphpd/p044_0.png	نیمه عمر مور : ۵ از ر ابطه زیر محاسبه میشود: = ) ‏ت‎ elas Ye. ‏ما‎ ad ‏ه‎ 14) a3.) 5 Ss ue LAS ۳ Nake @ ۱ ‏دسر
haghparast_mphpd	47	0.556	0	0	images/slide/haghparast_mphpd/p047_0.png	{Oy} واکنشهای ‎Mo‏ و تولید »7 حهت مصارف | 99 ao Mo (67 hr) B 0.3% [ ] ۱ Ke¥V 17% 922 <1, | ¥ $13 82% uy | IR? 
haghparast_mphpd	56	0.806	0	0	images/slide/haghparast_mphpd/p056_0.png	SO a ‏سه...‎ eee ee = ‏تور‎ AE ‏سه گس‎ -
haghparast_mphpd	63	0.497	7	1	images/slide/haghparast_mphpd/p063_0.png	Compression Rarelaction از ۱ : Wavelength : 1 (i Pressure Distance
haghparast_mphpd	64	0.459	9	1	images/slide/haghparast_mphpd/p064_0.png	= Driving force may be sinusoidal = particles oscillate back and forth 12 ۱ neg ۳ NM 4 ۳۹ 5 ۵ 3 oe | ۱ ۱۵ ae |
haghparast_mphpd	72	0.124	7	1	images/slide/haghparast_mphpd/p072_0.png	Interaction of mechanical waves with Matter
haghparast_mphpd	85	0.613	0	0	images/slide/haghparast_mphpd/p085_0.png	
haghparast_mphpd	90	0.384	0	0	images/slide/haghparast_mphpd/p090_0.png	A-mode scan and display A, Three interfaces. B, Corresponding display of the interface. | ۸
haghparast_mphpd	91	0.236	7	1	images/slide/haghparast_mphpd/p091_0.png	ECHO-OPHTHALMOGRAPH Sere tore we / |
haghparast_mphpd	91	0.227	7	1	images/slide/haghparast_mphpd/p091_1.png	ECHO-OPHTHALMOGRAPH Sere tore we / |
haghparast_mphpd	93	0.515	0	0	images/slide/haghparast_mphpd/p093_0.png	
haghparast_mphpd	94	0.221	0	0	images/slide/haghparast_mphpd/p094_0.png	jj ۱ ’ rf \ ۷ ۲ 1 | ruse | | ۳۹ ۲۹ ~ > - سوه )+ 7 اسه یه ‎Transducer;‏ ۳ / ۴ / — ۱۱ ۸ ۱ Anode | LAAT | rode 8 
haghparast_mphpd	94	0.192	0	0	images/slide/haghparast_mphpd/p094_1.png	jj ۱ ’ rf \ ۷ ۲ 1 | ruse | | ۳۹ ۲۹ ~ > - سوه )+ 7 اسه یه ‎Transducer;‏ ۳ / ۴ / — ۱۱ ۸ ۱ Anode | LAAT | rode 8 
haghparast_mphpd	95	0.309	0	0	images/slide/haghparast_mphpd/p095_0.png	CEVA] 0,۵ COTO TAL Gen,
haghparast_mphpd	95	0.308	0	0	images/slide/haghparast_mphpd/p095_1.png	CEVA] 0,۵ COTO TAL Gen,
haghparast_mphpd	96	0.514	7	1	images/slide/haghparast_mphpd/p096_0.png	The Doppler Effect. A, Stationary sound source and receiver. B, Sound source moving toward the receiver. C, So
haghparast_mphpd	102	0.177	7	2	images/slide/haghparast_mphpd/p102_0.png	Transducer a Tranemitting media Deppler Angle 7 an aa a a a ‏هن که کی‎ aa 2 a a aaa t “J boa ۳ Statiennig valu
haghparast_mphpd	102	0.165	7	2	images/slide/haghparast_mphpd/p102_1.png	Transducer a Tranemitting media Deppler Angle 7 an aa a a a ‏هن که کی‎ aa 2 a a aaa t “J boa ۳ Statiennig valu
darvish_radiobio	1	0.272	0	0	images/slide/darvish_radiobio/p001_0.png	Radiation Biology تس کم کم کم عم تم تم
darvish_radiobio	1	0.124	0	0	images/slide/darvish_radiobio/p001_1.png	Radiation Biology تس کم کم کم عم تم تم
darvish_radiobio	2	0.291	0	0	images/slide/darvish_radiobio/p002_0.png	Biological Effects of lonizing Radiation Oba ‏ادر ات بیولوز یکی بر نو های‎ | عم عم تس ‎ee‏ کم ام
darvish_radiobio	2	0.272	0	0	images/slide/darvish_radiobio/p002_1.png	Biological Effects of lonizing Radiation Oba ‏ادر ات بیولوز یکی بر نو های‎ | عم عم تس ‎ee‏ کم ام
darvish_radiobio	3	0.111	9	2	images/slide/darvish_radiobio/p003_0.png	Radiation Types (بر تو های بو نیز ان ) ‎Particles‏ ۰ Alpha Beta Electrons Neutron Proton Meson Pron Heavy ions
darvish_radiobio	5	0.146	8	3	images/slide/darvish_radiobio/p005_0.png	stochastic (Random) Effects اثرات احتمالی (تصادفی) ۰ Occur by chance ۰ Occur in both exposed and unexposed ind
darvish_radiobio	6	0.115	5	3	images/slide/darvish_radiobio/p006_0.png	Non-stochastic (Deterministic) Effects اثر ات یر احتمالی ‎pe‏ .تصادفی ‎(ss)‏ ۰ A certain minimum dose must be 
darvish_radiobio	8	0.123	8	2	images/slide/darvish_radiobio/p008_0.png	Linear No Threshold Response ‏باسخ خطی بدون استانه‎ ۰ Applies to stochastic 5 ۰ Suppose that any amount of rad
darvish_radiobio	9	0.155	8	3	images/slide/darvish_radiobio/p009_0.png	۲۷ 0111111621 Threshold Response ۳ ۳ C. 3 E ۰ Applies to non- stochastic effects — | .رآ و » یرای ارات غیر احت
darvish_radiobio	11	0.127	8	10	images/slide/darvish_radiobio/p011_0.png	Non-stochastic Effects ‏احتمالی با فطع (عیر‎ p< al ‏تصادنی)‎ ‎۰. Cataracts e Skin Erythema © fertility impairm
darvish_radiobio	14	0.117	8	5	images/slide/darvish_radiobio/p014_0.png	Linear Energy Transfer (LET) ‏خطی‎ 65) (LET) ‎The amount of energy deposited per init path lensth‏ ؟ ‎High LET
darvish_radiobio	19	0.103	5	1	images/slide/darvish_radiobio/p019_0.png	Hydrolysis of Water هیدرولیر آب _, + 4 @ £* Body fluids normal HO HO 5 contain the H+ and OH- ‎Htret+ OH ions‏
darvish_radiobio	20	0.132	8	2	images/slide/darvish_radiobio/p020_0.png	Hydrolysis of Water H+H — H, OH + OH ~ H,0, a5 1 0 (MAMMA a a HO, (If dissolved O, is present) HO, +H ۰ ۰ ۵ So
darvish_radiobio	20	0.132	8	2	images/slide/darvish_radiobio/p020_1.png	Hydrolysis of Water H+H — H, OH + OH ~ H,0, a5 1 0 (MAMMA a a HO, (If dissolved O, is present) HO, +H ۰ ۰ ۵ So
darvish_radiobio	23	0.421	2	1	images/slide/darvish_radiobio/p023_0.png	Indirect Action Dominant for X-Rays
darvish_radiobio	23	0.141	2	1	images/slide/darvish_radiobio/p023_1.png	Indirect Action Dominant for X-Rays
darvish_radiobio	26	0.144	2	1	images/slide/darvish_radiobio/p026_0.png	Linear / Transfer entre In Water (keV/micron) Radiation LET X-ray, Gamma > 3.5 Electrons (Betas) <3.5 Alpha ap
darvish_radiobio	26	0.138	2	1	images/slide/darvish_radiobio/p026_1.png	Linear / Transfer entre In Water (keV/micron) Radiation LET X-ray, Gamma > 3.5 Electrons (Betas) <3.5 Alpha ap
darvish_radiobio	27	0.189	3	1	images/slide/darvish_radiobio/p027_0.png	Chain of Events for Indirect Action of Radiation زنجیره رویدادها برای برخورد عيرمستقيم پرئو Incident FE) Photo
darvish_radiobio	34	0.338	8	4	images/slide/darvish_radiobio/p034_0.png	Ring Chromosome Aberration انحراف يا ناهنجاری کروموزومی حلقه Acentric fragment Ring chromosome Figure 6-13 For
darvish_radiobio	36	0.489	8	3	images/slide/darvish_radiobio/p036_0.png	Membrane Leakage ‏نشتی غشا‎ Shrinkage Swelling Hemolysis Response after irradiation, entire cell exposed Irrad
darvish_radiobio	37	0.176	8	8	images/slide/darvish_radiobio/p037_0.png	DNA - the Target of Radiation Protection A DNA = ‏حفاظت در برابر تشعشم‎ Com A e The double-helical structure o
darvish_radiobio	38	0.21	8	5	images/slide/darvish_radiobio/p038_0.png	5 Damage to Chromosomes | ‏اسیب به 8 $49 )25 ها‎ < The damaged chromosomes aa are visible in light microscopy 
darvish_radiobio	39	0.227	8	15	images/slide/darvish_radiobio/p039_0.png	1 The Mitotic Cycle & Cell Duplication ‏چرخه میتوز و تکنیر سلولی‎ Cell replication: a complicated duplication 
darvish_radiobio	40	0.238	8	6	images/slide/darvish_radiobio/p040_0.png	Direct lonization Damage to DNA DNA ‏اسیب یونیزاسیون مستقیم به‎ lonizing Radiation may directly break bonds in
darvish_radiobio	42	0.126	0	0	images/slide/darvish_radiobio/p042_0.png	Summany of Biological Effects ‏خلاصه ای از اترات بیولوزیعی‎ ۳ ‏کرک‎ Oats
darvish_radiobio	52	0.206	8	2	images/slide/darvish_radiobio/p052_0.png	DNA DNA is the critical target for radiation damage sugar- phosphate —» backbone > minor groove
darvish_radiobio	65	0.112	8	7	images/slide/darvish_radiobio/p065_0.png	oy Law of Bergonie and Tribondeau (1906) (1906) ‏قاتون برکونیه و تریبوندو‎ ٩۶ ۰ cells tend to be radiosensitiv
darvish_radiobio	67	0.157	8	11	images/slide/darvish_radiobio/p067_0.png	تاهنجاريهاي کروموزومی و کرومانیدی 6 ناهنجاريهاي کروموزومي ناهنجاري کروموزومي دراتر پرتوگيري سلول در مراحل اولی
darvish_radiobio	70	0.558	8	1	images/slide/darvish_radiobio/p070_0.png	Break in each chromatid (isochromatid deletion) Sister union Dicentne chromatid, ۱۷,۳, symmetrical plus acentr
darvish_radiobio	71	0.137	8	2	images/slide/darvish_radiobio/p071_0.png	Lethal Chromosome Breaks: Rings Acentric fragments Ring See ee ‏سم‎
darvish_radiobio	72	0.218	0	0	images/slide/darvish_radiobio/p072_0.png	ر رمرم
darvish_radiobio	73	0.137	8	2	images/slide/darvish_radiobio/p073_0.png	Lethal Chromosome Breaks: icentric ۱۱ 2< < Acentric fragments Dicentric See ee ‏سم‎
darvish_radiobio	74	0.245	0	0	images/slide/darvish_radiobio/p074_0.png	| کم ‎ee‏ تم تم تم
darvish_radiobio	75	0.138	8	1	images/slide/darvish_radiobio/p075_0.png	Lethal Chromatid Breaks: naphase Bridge ۱7... kod Acentric fragments Anaphase bridge
darvish_radiobio	76	0.126	8	2	images/slide/darvish_radiobio/p076_0.png	Nonlethal Breaks: Translocation and Deletion Gl => ll => See ee ‏سم‎
darvish_radiobio	76	0.108	8	2	images/slide/darvish_radiobio/p076_1.png	Nonlethal Breaks: Translocation and Deletion Gl => ll => See ee ‏سم‎
darvish_radiobio	79	0.116	7	1	images/slide/darvish_radiobio/p079_0.png	RISK BENEFIT Justification ‏توجیه پدیری اقدام‎ Justification means that any exposure produces sufficient benef
darvish_radiobio	81	0.611	6	4	images/slide/darvish_radiobio/p081_0.png	In radiation protection should be consider: ‏در حفاظت در برابر تشعشع باید موارد زیر را در نظر گرفت:‎ ‏کاهش زما
darvish_mri	1	0.142	9	5	images/slide/darvish_mri/p001_0.png	MRI (MAGNETIC RESONANCE IMAGING} تصویربرداری تشدید مغناطیسی دکتر لیلی درویش دکتری تخصصی فیزیک پزشکی
darvish_mri	2	0.63	9	2	images/slide/darvish_mri/p002_0.png	Primary magnet Gradient magnets Radiofrequency (RF) coils Computer system SHIELD PRIMARY MAGNETIC FIELD 1 GRAD
darvish_mri	5	0.105	9	7	images/slide/darvish_mri/p005_0.png	پروتون ها در میدان مغناطیسی » اگر پروتون در میدان مغناطیسی قرار گیرد می چرخد و هم جهت میدان قرار می گیرد اما ه
darvish_mri	5	0.104	9	7	images/slide/darvish_mri/p005_1.png	پروتون ها در میدان مغناطیسی » اگر پروتون در میدان مغناطیسی قرار گیرد می چرخد و هم جهت میدان قرار می گیرد اما ه
darvish_mri	6	0.108	9	10	images/slide/darvish_mri/p006_0.png	پروتون ها در میدان مغناطیسی » پروتون در میدان مغناطیسی قرار گیرد: ۰ 2 در ‎EK‏ جهت ‎(lan‏ الا ‎Spin down‏ » هید
darvish_mri	6	0.102	9	10	images/slide/darvish_mri/p006_1.png	پروتون ها در میدان مغناطیسی » پروتون در میدان مغناطیسی قرار گیرد: ۰ 2 در ‎EK‏ جهت ‎(lan‏ الا ‎Spin down‏ » هید
darvish_mri	7	0.274	0	0	images/slide/darvish_mri/p007_0.png	Anti-parallel ۱ ‏کم‎ \ ۱-2 a qe Ae ۱ Parallel
darvish_mri	8	0.47	0	0	images/slide/darvish_mri/p008_0.png	By ON OFF = Bo
darvish_mri	8	0.159	0	0	images/slide/darvish_mri/p008_1.png	By ON OFF = Bo
darvish_mri	9	0.119	9	5	images/slide/darvish_mri/p009_0.png	پروتون ها در میدان مغناطبسی » هسته مثل یک آهنربای کوچک عمل می کند بنابراین هسته یا پروتون اگر در ‎Glaze‏ ‏مغنا
darvish_mri	9	0.113	9	5	images/slide/darvish_mri/p009_1.png	پروتون ها در میدان مغناطبسی » هسته مثل یک آهنربای کوچک عمل می کند بنابراین هسته یا پروتون اگر در ‎Glaze‏ ‏مغنا
darvish_mri	12	0.202	0	0	images/slide/darvish_mri/p012_0.png	12 RF OFF
darvish_mri	12	0.147	0	0	images/slide/darvish_mri/p012_1.png	12 RF OFF
darvish_mri	16	0.119	9	7	images/slide/darvish_mri/p016_0.png	تشدید بوسیله امواج رادیویی © امواج رادیویی که فرستاده می شود باعث تشدید می شود چون فرکانس موج رادیویی برابر با
darvish_mri	16	0.115	9	7	images/slide/darvish_mri/p016_1.png	تشدید بوسیله امواج رادیویی © امواج رادیویی که فرستاده می شود باعث تشدید می شود چون فرکانس موج رادیویی برابر با
darvish_mri	17	0.122	9	1	images/slide/darvish_mri/p017_0.png	Measuring Tissue Magnetization: When Mo is aligned to the magnetic field Bo it is very difficult to measure si
darvish_mri	19	0.122	7	2	images/slide/darvish_mri/p019_0.png	Measuring Tissue Magnetization: For an energy transfer to occur the RF Pulse must be at the same frequency as 
darvish_mri	35	0.114	3	1	images/slide/darvish_mri/p035_0.png	زمان آسایش ۲1 © 3 پروتون ها بعد از گذشت یک ۲1 به ‎energy state‏ اولیه برگشته اند و انرژی به محیط داده ولی مقدا
darvish_mri	37	0.23	0	0	images/slide/darvish_mri/p037_0.png	37
darvish_mri	40	0.168	0	0	images/slide/darvish_mri/p040_0.png	40
darvish_mri	41	0.406	0	0	images/slide/darvish_mri/p041_0.png	41 Independent processes Mz maximum Mxy =0 Mz grows Mxy decreases Loss of Mxy Gain of Mz Mz grows Mxy decrease
darvish_mri	42	0.3	0	0	images/slide/darvish_mri/p042_0.png	42 SI = (] ‏۳/12<ع)(ت[‎ (01 — e7 TRT!)
darvish_mri	44	0.344	0	0	images/slide/darvish_mri/p044_0.png	44 Fat and Proteinaceous Material H,0/Fluids
darvish_mri	46	0.358	0	0	images/slide/darvish_mri/p046_0.png	46
darvish_mri	47	0.291	4	1	images/slide/darvish_mri/p047_0.png	47 ‎pet‏ مغز با وژن 12
darvish_mri	48	0.476	9	1	images/slide/darvish_mri/p048_0.png	PD weighted Appearance PROTON ‏تنصویر‎ ‎DENSITY
darvish_mri	50	0.598	9	5	images/slide/darvish_mri/p050_0.png	Short T1 (high SI) d (EC metHgb) Fat Proteinaceous solution c (IC met Hgb) Paramagnetic materials (Gd, etc.) d
darvish_mri	51	0.606	9	1	images/slide/darvish_mri/p051_0.png	کنتر است خودریزی در ‎MRI‏
afzalipour	1	0.862	0	0	images/slide/afzalipour/p001_0.png	
afzalipour	1	0.307	0	0	images/slide/afzalipour/p001_1.png	
afzalipour	3	0.197	2	3	images/slide/afzalipour/p003_0.png	فهر ست : > پرتونگاری در پزشکی > ماهیت و خواص پر تو ایکس > مولد های اشعه ایکس و اجزء > فر آیند تولید اشعه ایکس 
afzalipour	4	0.431	0	0	images/slide/afzalipour/p004_0.png	SS ‏سس‎
afzalipour	4	0.431	0	0	images/slide/afzalipour/p004_1.png	SS ‏سس‎
afzalipour	5	0.722	0	0	images/slide/afzalipour/p005_0.png	
afzalipour	6	0.383	0	0	images/slide/afzalipour/p006_0.png	
afzalipour	6	0.383	0	0	images/slide/afzalipour/p006_1.png	
afzalipour	7	0.309	0	0	images/slide/afzalipour/p007_0.png	
afzalipour	8	0.295	0	0	images/slide/afzalipour/p008_0.png	
afzalipour	9	0.17	0	0	images/slide/afzalipour/p009_0.png	: ‏پر تونگاری ساده‎ -٩
afzalipour	9	0.151	0	0	images/slide/afzalipour/p009_1.png	: ‏پر تونگاری ساده‎ -٩
afzalipour	10	0.581	0	0	images/slide/afzalipour/p010_0.png	3 vy) x EB am =
afzalipour	11	0.123	0	0	images/slide/afzalipour/p011_0.png	
afzalipour	12	0.4	0	0	images/slide/afzalipour/p012_0.png	
afzalipour	13	0.545	0	0	images/slide/afzalipour/p013_0.png	
afzalipour	14	0.432	0	0	images/slide/afzalipour/p014_0.png	۰سی نی اسکن: ‎Plane examples‏ Axial planee Coronal planee Saggital planee
afzalipour	14	0.216	0	0	images/slide/afzalipour/p014_1.png	۰سی نی اسکن: ‎Plane examples‏ Axial planee Coronal planee Saggital planee
afzalipour	15	0.722	0	0	images/slide/afzalipour/p015_0.png	
afzalipour	15	0.169	0	0	images/slide/afzalipour/p015_1.png	
afzalipour	16	0.722	0	0	images/slide/afzalipour/p016_0.png	
afzalipour	16	0.466	0	0	images/slide/afzalipour/p016_1.png	
afzalipour	17	0.722	0	0	images/slide/afzalipour/p017_0.png	
afzalipour	17	0.545	0	0	images/slide/afzalipour/p017_1.png	
afzalipour	18	0.764	0	0	images/slide/afzalipour/p018_0.png	
afzalipour	19	0.431	2	2	images/slide/afzalipour/p019_0.png	X-ray Radiography Electron ~. X-ray Generator or ۰ Radioactive Source 1 \
afzalipour	19	0.431	2	2	images/slide/afzalipour/p019_1.png	X-ray Radiography Electron ~. X-ray Generator or ۰ Radioactive Source 1 \
afzalipour	20	0.541	2	1	images/slide/afzalipour/p020_0.png	Electromagnetic Radiation Spectrum 1074 107 10°” ۱0 10'° 10'4 10"? ۱0 10° 10° 10° 10° ۱0۳ -v (Hz) ۱ ۱ ۱ ۱ ۱ I 
afzalipour	23	0.335	0	0	images/slide/afzalipour/p023_0.png	
afzalipour	32	0.163	2	4	images/slide/afzalipour/p032_0.png	.1 32 مکانسم ثو لید پر ‎X gi‏ 8 به طور کلی پرتو ‎X‏ در اثر دو فرایند تولید می سو د. پدیده ترمزی (برمشترالانگ):
afzalipour	34	0.188	2	1	images/slide/afzalipour/p034_0.png	34 مکانسم تولید پر ‎X gh‏ پدیده تابش اختصاصی: در این پدیده الکترون های ‎ol‏ شده از فیلامان به الکترون ‎ola‏ مد
afzalipour	36	0.226	2	1	images/slide/afzalipour/p036_0.png	Stator Rotor Ball races + 100 000 ¥ 36 لامپ پر تو ‎X‏ Rotating anode Tungsten target Hot cathode filament Elec
afzalipour	36	0.111	2	1	images/slide/afzalipour/p036_1.png	Stator Rotor Ball races + 100 000 ¥ 36 لامپ پر تو ‎X‏ Rotating anode Tungsten target Hot cathode filament Elec
afzalipour	53	0.268	3	1	images/slide/afzalipour/p053_0.png	53۰ تشکیل تصویر در رادیوگر افی » Cassette for conventional imaging INTENSIFYING SCREENS
afzalipour	54	0.108	2	5	images/slide/afzalipour/p054_0.png	‎ab‏ های فیز یکی بوجود آمدن یک تصویر رادیو گرافی ‏وضعیت پرتوها قبل از برخورد به بافت : یک دسته پرتو ایکس قبل ا
afzalipour	58	0.117	0	0	images/slide/afzalipour/p058_0.png	دو نوع ماده کنتر است : ۱) مواد ‎OT‏ است روشن با ‎bobo‏ شفاف ‎Transparent‏ ‏از موادی مثل گازی ( معمولاً هوا؛ اک
afzalipour	59	0.102	5	3	images/slide/afzalipour/p059_0.png	59e 7۲ فلو ر سکویی تفاوت راد یو گرافی و فلوروسکوبی: ( رادیولوژی ثبت لحظه ای و فلوروسکو 23 مشاهده عملکر د) چگون
afzalipour	61	0.103	3	4	images/slide/afzalipour/p061_0.png	01۰ اصول ‎Sos‏ ۵ ؛ پر توهای ایکس از قسمت بالابی دستگاه سی آرم به سمت ناحیه هدف تابانده می شود و رسیتورهایی در 
afzalipour	65	0.764	1	1	images/slide/afzalipour/p065_0.png	* مموگرافی برای اسیب شناسی و تشخیص سرطان سینه بکار می رود. * در امریکا . از هر ۸ نفر زن» یک نفر سرحلان دچار بی
afzalipour	66	0.763	3	3	images/slide/afzalipour/p066_0.png	غربال 55 ماموگرافی Mammography Screening برای تشخیص بموقع سرطان سینه در برخی از کشور ها برنامه ای غربال گری ما
afzalipour	67	0.764	2	1	images/slide/afzalipour/p067_0.png	۲ تیوب ایکس ‎oY‏ کمیرسور ۳ گرید ۵. فیلم AEC ۶ ٍ تیوب ‎X-RAY TUBE ASSEMBL‏ ‎i) 1‏
afzalipour	77	0.116	2	3	images/slide/afzalipour/p077_0.png	T/ ‎wil‏ گیری بیما ‏شرایط صحیح را می ‎ols‏ با استفاده از نمودارهای موجود در دستورالعمل ها یا انتخاب درست ولتاژ
afzalipour	80	0.114	0	0	images/slide/afzalipour/p080_0.png	80 تابش گیری بیما * همچنین اسمیت و همکارانش )1989( و پلات )1993( نشان دادند که وجود زمان سنج ها برای پرتونگارا
afzalipour	81	0.108	6	2	images/slide/afzalipour/p081_0.png	81 رویوش های محافظ» دستکش و حفاظ گونادها پرسشی که اغلب مطرح می شود لزوم و زمان استفاده از ‎cpg gy‏ دستکش با حف
afzalipour	87	0.134	2	1	images/slide/afzalipour/p087_0.png	87 ‎low‏ باردار ‏از همه زنانی که تحت پرتونگاری به ویژه از ناحیه شکم قرار می گیرند قبل از هر کاری ‎LL‏ در رابطه
afzalipour	89	0.102	6	4	images/slide/afzalipour/p089_0.png	حفاظت پر نو کاران * هیچ کس نباید به طور مداوم به نگهداری بیماران مبادرت کند. ‎ols! *‏ نگهدارنده بیمان باید در 
afzalipour	90	0.209	6	2	images/slide/afzalipour/p090_0.png	زمان پرتوکار باید ‎oa‏ الاامکان مدت زمان صرف شده در محرط نشعشع ر کاهش دهد. ‎Ob;‏ و تابش گیری از تشعشع با یکدیگ
afzalipour	91	0.766	5	5	images/slide/afzalipour/p091_0.png	91 Three Principles of Reduction of External i (iii) Shorten time while being close to radioactive materials (
afzalipour	92	0.133	6	2	images/slide/afzalipour/p092_0.png	92 فاصله * رعایت فاصله. ‎Ory phe‏ روش کاهش تابش گیری است. * در فاصله ۱ متری از ‎ob sos‏ کنندة ثانویه ‎(low)‏ ش
afzalipour	93	0.168	0	0	images/slide/afzalipour/p093_0.png	93 فاصله هر جسمی که در محل کار وجود داشته باشد. (lo = 1/411)
afzalipour	93	0.168	0	0	images/slide/afzalipour/p093_1.png	93 فاصله هر جسمی که در محل کار وجود داشته باشد. (lo = 1/411)
afzalipour	94	0.128	5	1	images/slide/afzalipour/p094_0.png	خاصله ۴ بنابراین ‎mGy) 100 mrad Gas‏ 1( در فاصله ۲۰ اینجی به ‎YO‏ میلی راد ‎mGy)‏ 0.25) در فاصله ۴۰ اینجی کاهش
afzalipour	94	0.118	5	1	images/slide/afzalipour/p094_1.png	خاصله ۴ بنابراین ‎mGy) 100 mrad Gas‏ 1( در فاصله ۲۰ اینجی به ‎YO‏ میلی راد ‎mGy)‏ 0.25) در فاصله ۴۰ اینجی کاهش
afzalipour	96	0.138	0	0	images/slide/afzalipour/p096_0.png	96 کاربردهای قانون عکس مجذور فاصله ۰ پر تونگاران ‎wb‏ کاربردهای قانون عکس مجذور فاصله ز بر را بدانند: ۷ اگر فا
afzalipour	99	0.113	6	2	images/slide/afzalipour/p099_0.png	bio > حفاظ متشکل از موانع ساختمانی ثابت (ساخته شده از بتون یا سرب) پا وسایلی مانند حفاظ ‎cla‏ متحر ک است. > سر
afzalipour	101	0.154	0	0	images/slide/afzalipour/p101_0.png	bio * موانع ثابت به موانع اولیه و ثانویه تقسیم بندی می شود. * یک ‎wile‏ اولیه می تواند مورد اصابت ‎And!‏ اولیه
afzalipour	102	0.141	0	0	images/slide/afzalipour/p102_0.png	* معمولا غرفه کنترل به عنوان مانع ثانویه در نظر گرفته می شود ‎XK andl Cpl pl‏ قبل از ‎acl‏ وارد شود حداقل دو ب
afzalipour	104	0.112	6	2	images/slide/afzalipour/p104_0.png	رویوش ‎SB‏ سربی ۴ یک رویوش سربی حدود ۷۵ تا ۸۰ در صد مغز استخوان های فعال بدن را می پوشاند. مغز استخوان خارج رو
afzalipour	104	0.104	6	2	images/slide/afzalipour/p104_1.png	رویوش ‎SB‏ سربی ۴ یک رویوش سربی حدود ۷۵ تا ۸۰ در صد مغز استخوان های فعال بدن را می پوشاند. مغز استخوان خارج رو
afzalipour	105	0.121	6	3	images/slide/afzalipour/p105_0.png	روپوش های سربی ‎sy, ®‏ از کارخانه ها به ساخت رویوش هایی متشکل از آلیازهای ‎cae yb‏ تنگستن و سرب مبادرت ‎WOT‏ ‏
afzalipour	106	0.161	6	5	images/slide/afzalipour/p106_0.png	رویوش ‎SB‏ سربی ی 5 ۷ ۰ ۶ رویوش های سربی ‎WHE‏ دوران بارداری نیز وجود دارد. ‎Cyl‏ روپوش به طور سراسری حفاظت مع
afzalipour	107	0.575	0	0	images/slide/afzalipour/p107_0.png	
afzalipour	111	0.423	0	0	images/slide/afzalipour/p111_0.png	
afzalipour	115	0.169	5	1	images/slide/afzalipour/p115_0.png	Factors affecting staff doses 115
afzalipour	115	0.153	5	1	images/slide/afzalipour/p115_1.png	Factors affecting staff doses 115
afzalipour	116	0.14	0	0	images/slide/afzalipour/p116_0.png	عوامل موثر در پرتوگیری کار کنان عامل اصلی عوامل متعددی بستگی دارد. ‎Co‏ پرتو های پراکنده در اطراف بیمار ve 3 ۳
afzalipour	120	0.201	0	0	images/slide/afzalipour/p120_0.png	عوامل موثر در پرتوگیری کار کنان فاصله اپراتور با افزایش فاصله آهنگ پرتودهی کم می شود. 120
afzalipour	121	0.253	0	0	images/slide/afzalipour/p121_0.png	عوامل موثر در پرتوگیری کار کنان موقعیت نسبت به تیوب ‎mSvih” ۱‏ ق مه ۵ پرتو های پراکنده ‎ee‏ ۰ وگ ‎gen‏ ‎es‏ شت
afzalipour	123	0.138	3	2	images/slide/afzalipour/p123_0.png	استفاده از تحهیر ات بر ای کاهش تاش گیری * روش دیگری که موچب کاهش تاش گیری بیمار در فلور وسکوپی می شود. استفاده
afzalipour	124	0.862	0	0	images/slide/afzalipour/p124_0.png	124 /
afzalipour	124	0.112	0	0	images/slide/afzalipour/p124_1.png	124 /
